Year,Jersey,Player,SP,MP,MS,PTS,PTS/S,K,K/S,E,TA,PCT,A,A/S,SA,SA/S,SE,DIG,DIG/S,RE,TA,Rec%,RE/S,BS,BA,BLK,BLK/S,BE,BHE
2025,1,"Hartman, Lydia",112,31,9,25,0.22,1,0.01,0,7,0.143,11,0.1,24,0.21,39,245,2.19,24,417,0.942,0.21,0,0,0,0,0,0
2025,2,"Edson, Rylee",68,18,7,17,0.25,0,0,0,2,0,9,0.13,17,0.25,20,156,2.29,12,270,0.956,0.18,0,0,0,0,0,0
2025,3,"Voorhees, Addison",18,12,1,35.5,1.97,32,1.78,21,114,0.096,0,0,0,0,0,9,0.5,0,1,1,0,2,3,5,0.28,1,0
2025,4,"Burbach, Marly",6,3,0,3,0.5,0,0,0,6,0,36,6,3,0.5,1,14,2.33,0,0,0,0,0,0,0,0,0,0
2025,5,"Bishop, Caitlin",113,31,31,67,0.59,27,0.24,9,138,0.13,1397,12.36,28,0.25,19,303,2.68,0,7,1,0,2,20,22,0.19,9,0
2025,6,"Kohmetscher, Anna",10,7,0,1,0.1,0,0,0,1,0,0,0,1,0.1,4,3,0.3,0,0,0,0,0,0,0,0,0,0
2025,7,"Cassady, Bridget",92,27,9,230.5,2.51,217,2.36,90,668,0.19,1,0.01,0,0,0,92,1,9,91,0.901,0.1,5,17,22,0.24,2,0
2025,8,"Kellenberger, Aline",6,6,0,4.5,0.75,4,0.67,4,13,0,0,0,0,0,0,1,0.17,0,0,0,0,0,1,1,0.17,0,0
2025,9,"Johnson, Maggie",111,30,21,402.5,3.63,382,3.44,138,1028,0.237,1,0.01,0,0,0,46,0.41,12,105,0.886,0.11,12,17,29,0.26,4,0
2025,10,"Young, Brooklyn",21,9,1,43,2.05,41,1.95,30,151,0.073,0,0,0,0,0,12,0.57,1,13,0.923,0.05,0,4,4,0.19,0,0
2025,11,"Jackson, Iyannah",114,31,31,341,2.99,284,2.49,55,635,0.361,9,0.08,10,0.09,16,59,0.52,0,19,1,0,17,60,77,0.68,7,0
2025,12,"Weaver, Skylar",115,31,0,37,0.32,0,0,2,26,-0.077,132,1.15,37,0.32,31,613,5.33,13,562,0.977,0.11,0,0,0,0,0,0
2025,14,"Santel, Alayna",115,31,31,563,4.9,474,4.12,149,1095,0.297,12,0.1,49,0.43,54,264,2.3,17,380,0.955,0.15,10,60,70,0.61,8,1
2025,15,"Baker, Reese",114,31,14,23,0.2,0,0,0,7,0,10,0.09,23,0.2,13,147,1.29,23,280,0.918,0.2,0,0,0,0,0,0
2025,17,"Copeland, Hannah",114,31,31,308,2.7,258,2.26,69,558,0.339,3,0.03,0,0,0,33,0.29,0,12,1,0,19,62,81,0.71,9,0
2024,2,"Edson, Rylee",106,28,24,32,0.3,3,0.03,1,9,0.222,11,0.1,29,0.27,32,277,2.61,27,591,0.954,0.25,0,0,0,0,0,1
2024,3,"Voorhees, Addison",81,23,20,250.5,3.09,226,2.79,109,669,0.175,1,0.01,0,0,0,38,0.47,12,68,0.824,0.15,15,19,34,0.42,3,2
2024,4,"Ayerite, Claudia",4,4,1,0,0,0,0,0,0,0,0,0,0,0,1,2,0.5,0,2,1,0,0,0,0,0,0,0
2024,5,"Bishop, Caitlin",106,28,28,81.5,0.77,31,0.29,9,135,0.163,1285,12.12,39,0.37,27,266,2.51,0,1,1,0,2,19,21,0.2,4,3
2024,6,"Kohmetscher, Anna",2,2,0,3,1.5,3,1.5,3,7,0,0,0,0,0,0,0,0,0,3,1,0,0,0,0,0,0,0
2024,7,"Foster, Trysta",104,28,4,42,0.4,2,0.02,1,9,0.111,9,0.09,40,0.38,27,257,2.47,25,445,0.944,0.24,0,0,0,0,0,0
2024,8,"Kellenberger, Aline",7,7,0,1,0.14,1,0.14,0,5,0.2,0,0,0,0,1,2,0.29,0,0,0,0,0,0,0,0,0,0
2024,9,"Johnson, Maggie",78,24,6,176,2.26,167,2.14,99,583,0.117,2,0.03,0,0,0,45,0.58,7,73,0.904,0.09,4,10,14,0.18,2,0
2024,10,"Young, Brooklyn",69,21,2,164,2.38,151,2.19,86,463,0.14,2,0.03,0,0,0,40,0.58,6,89,0.933,0.09,9,8,17,0.25,3,0
2024,11,"Jackson, Iyannah",106,28,28,320,3.02,258,2.43,74,604,0.305,4,0.04,30,0.28,30,72,0.68,1,7,0.857,0.01,14,36,50,0.47,14,0
2024,12,"Weaver, Skylar",106,28,0,22,0.21,2,0.02,3,19,-0.053,75,0.71,20,0.19,27,545,5.14,22,499,0.956,0.21,0,0,0,0,0,0
2024,13,"Davis, Sydney",14,10,0,0,0,0,0,0,2,0,3,0.21,0,0,2,16,1.14,3,29,0.897,0.21,0,0,0,0,0,0
2024,14,"Santel, Alayna",106,28,28,432.5,4.08,377,3.56,122,989,0.258,10,0.09,25,0.24,31,216,2.04,17,212,0.92,0.16,6,49,55,0.52,6,1
2024,17,"Copeland, Hannah",106,28,27,311.5,2.94,261,2.46,70,563,0.339,2,0.02,0,0,0,28,0.26,0,21,1,0,16,69,85,0.8,6,1
2023,1,"Flowers, Hailey",120,36,30,307,2.56,281,2.34,63,715,0.305,7,0.06,0,0,1,56,0.47,0,4,1,0,1,50,51,0.43,5,1
2023,2,"Edson, Rylee",122,36,15,47,0.39,3,0.02,0,6,0.5,16,0.13,44,0.36,36,307,2.52,21,454,0.954,0.17,0,0,0,0,0,1
2023,3,"Voorhees, Addison",4,4,0,2.5,0.63,2,0.5,1,8,0.125,0,0,0,0,0,0,0,0,0,0,0,0,1,1,0.25,1,0
2023,4,"Linnig, Katie",10,6,0,1,0.1,1,0.1,0,3,0.333,27,2.7,0,0,3,15,1.5,0,0,0,0,0,0,0,0,0,0
2023,5,"Bishop, Caitlin",122,36,36,65,0.53,29,0.24,7,106,0.208,1525,12.5,23,0.19,23,278,2.28,0,0,0,0,0,26,26,0.21,1,5
2023,7,"Foster, Trysta",118,36,1,53,0.45,0,0,0,0,0,9,0.08,53,0.45,37,69,0.58,0,10,1,0,0,0,0,0,0,0
2023,9,"Adams, Kylie",122,36,0,38,0.31,1,0.01,3,17,-0.118,108,0.89,37,0.3,21,586,4.8,24,505,0.952,0.2,0,0,0,0,0,0
2023,10,"Elliott, Mya",122,36,36,326.5,2.68,278,2.28,74,582,0.351,3,0.02,0,0,0,50,0.41,2,8,0.75,0.02,16,65,81,0.66,7,0
2023,11,"Dean, Karli",7,6,1,8,1.14,5,0.71,3,14,0.143,0,0,0,0,1,0,0,0,0,0,0,1,4,5,0.71,1,0
2023,12,"Weaver, Skylar",116,36,5,24,0.21,1,0.01,0,5,0.2,22,0.19,23,0.2,33,270,2.33,23,391,0.941,0.2,0,0,0,0,0,0
2023,13,"Minick, Lauren",9,4,1,17.5,1.94,17,1.89,7,45,0.222,0,0,0,0,0,3,0.33,0,5,1,0,0,1,1,0.11,0,0
2023,14,"Humm, Delaney",117,35,21,518.5,4.43,499,4.26,167,1078,0.308,1,0.01,2,0.02,2,62,0.53,5,158,0.968,0.04,8,19,27,0.23,10,0
2023,15,"Forstrom, Raina",2,2,0,1,0.5,1,0.5,1,3,0,0,0,0,0,0,0,0,0,0,0,0,0,0,0,0,0,0
2023,16,"Richardson, Arika",11,7,1,18,1.64,18,1.64,11,48,0.146,0,0,0,0,0,1,0.09,0,0,0,0,0,0,0,0,0,0
2023,17,"Copeland, Hannah",119,36,34,243.5,2.05,195,1.64,61,424,0.316,2,0.02,2,0.02,9,30,0.25,1,6,0.833,0.01,9,75,84,0.71,6,0
2023,18,"Rang, Lexie",120,36,35,610.5,5.09,514,4.28,168,1449,0.239,9,0.08,51,0.43,25,353,2.94,46,629,0.927,0.38,22,47,69,0.58,4,0
2022,1,"Flowers, Hailey",116,32,24,322,2.78,289,2.49,61,705,0.323,8,0.07,0,0,0,49,0.42,0,7,1,0,8,50,58,0.5,5,0
2022,2,"Edson, Rylee",107,32,2,33,0.31,0,0,0,0,0,7,0.07,33,0.31,28,58,0.54,0,23,1,0,0,0,0,0,0,0
2022,4,"Linnig, Katie",26,14,0,5,0.19,2,0.08,0,5,0.4,96,3.69,3,0.12,3,29,1.12,1,2,0.5,0.04,0,0,0,0,0,3
2022,5,"Bishop, Caitlin",117,32,32,73.5,0.63,18,0.15,16,102,0.02,1341,11.46,38,0.32,14,223,1.91,0,2,1,0,1,33,34,0.29,4,2
2022,7,"Foster, Trysta",109,31,8,42,0.39,2,0.02,1,5,0.2,8,0.07,40,0.37,35,231,2.12,24,292,0.918,0.22,0,0,0,0,0,0
2022,8,"Richards, Charlotte",117,32,32,561.5,4.8,492,4.21,134,1394,0.257,16,0.14,49,0.42,30,424,3.62,33,526,0.937,0.28,7,27,34,0.29,0,0
2022,9,"Adams, Kylie",117,32,0,41,0.35,0,0,1,8,-0.125,79,0.68,41,0.35,18,563,4.81,17,441,0.961,0.15,0,0,0,0,0,0
2022,10,"Elliott, Mya",110,32,30,257.5,2.34,204,1.85,59,490,0.296,5,0.05,0,0,0,40,0.36,1,8,0.875,0.01,18,71,89,0.81,4,0
2022,11,"Dean, Karli",15,8,2,23,1.53,13,0.87,7,31,0.194,4,0.27,0,0,0,4,0.27,0,0,0,0,4,12,16,1.07,3,0
2022,13,"Minick, Lauren",9,7,0,8.5,0.94,7,0.78,6,31,0.032,0,0,0,0,0,2,0.22,0,0,0,0,0,3,3,0.33,0,0
2022,14,"Humm, Delaney",29,20,1,10,0.34,10,0.34,9,46,0.022,0,0,0,0,1,33,1.14,6,92,0.935,0.21,0,0,0,0,0,1
2022,15,"Forstrom, Raina",1,1,0,2,2,2,2,0,2,1,0,0,0,0,0,0,0,0,0,0,0,0,0,0,0,0,0
2022,17,"Copeland, Hannah",113,32,30,272.5,2.41,227,2.01,76,491,0.308,3,0.03,2,0.02,2,17,0.15,1,5,0.8,0.01,5,77,82,0.73,9,1
2022,18,"Rang, Lexie",117,32,31,484.5,4.14,410,3.5,124,1161,0.246,14,0.12,40,0.34,29,398,3.4,41,668,0.939,0.35,11,47,58,0.5,3,1
2021,1,"Woll, Megan",123,34,1,19,0.15,2,0.02,1,23,0.043,93,0.76,17,0.14,24,719,5.85,15,452,0.967,0.12,0,0,0,0,0,0
2021,3,"Herman, Kaileen",123,34,7,119,0.97,58,0.47,21,202,0.183,1276,10.37,35,0.28,44,351,2.85,2,9,0.778,0.02,5,42,47,0.38,4,9
2021,4,"Smith, Elise",2,1,0,0,0,0,0,0,0,0,0,0,0,0,0,0,0,0,0,0,0,0,0,0,0,0,0
2021,5,"Ferchen, Cara",25,9,0,3,0.12,0,0,0,2,0,2,0.08,3,0.12,4,7,0.28,0,0,0,0,0,0,0,0,0,0
2021,6,"Hannewald, Karlyn",113,33,0,256,2.27,234,2.07,90,877,0.164,4,0.04,0,0,0,90,0.8,7,211,0.967,0.06,8,28,36,0.32,1,1
2021,8,"Richards, Charlotte",123,34,7,615,5,569,4.63,181,1704,0.228,10,0.08,30,0.24,29,419,3.41,18,636,0.972,0.15,7,18,25,0.2,0,1
2021,9,"Adams, Kylie",113,34,0,26.5,0.23,5,0.04,1,20,0.2,23,0.2,21,0.19,15,247,2.19,15,346,0.957,0.13,0,1,1,0.01,0,0
2021,10,"Elliott, Mya",117,34,6,308.5,2.64,257,2.2,83,587,0.296,1,0.01,0,0,0,58,0.5,1,5,0.8,0.01,14,75,89,0.76,2,0
2021,11,"Dean, Karli",50,16,2,79.5,1.59,59,1.18,21,151,0.252,4,0.08,1,0.02,7,26,0.52,1,4,0.75,0.02,5,29,34,0.68,2,1
2021,12,"Luchinski, Leah",39,18,0,6,0.15,0,0,1,8,-0.125,71,1.82,6,0.15,4,53,1.36,0,0,0,0,0,0,0,0,0,1
2021,13,"Vandenberg, Lauren",34,16,0,37,1.09,33,0.97,19,147,0.095,4,0.12,0,0,0,17,0.5,0,0,0,0,0,8,8,0.24,4,0
2021,14,"Humm, Delaney",95,32,1,9,0.09,3,0.03,2,22,0.045,6,0.06,6,0.06,11,60,0.63,3,108,0.972,0.03,0,0,0,0,0,0
2021,15,"Klank, Olivia",116,33,5,257,2.22,232,2,81,739,0.204,5,0.04,0,0,0,52,0.45,0,3,1,0,3,44,47,0.41,6,1
2021,16,"Witte, Addison",8,5,0,3.5,0.44,3,0.38,4,18,-0.056,0,0,0,0,0,1,0.13,0,0,0,0,0,1,1,0.13,0,0
2021,17,"Yoder, Paige",86,27,5,206.5,2.4,174,2.02,47,403,0.315,5,0.06,4,0.05,9,45,0.52,1,9,0.889,0.01,9,39,48,0.56,5,0
2021,18,"Rang, Lexie",120,34,7,119,0.99,65,0.54,32,243,0.136,15,0.13,46,0.38,40,364,3.03,27,456,0.941,0.23,4,8,12,0.1,2,0
2020,1,"Woll, Megan",60,19,0,13,0.22,3,0.05,2,14,0.071,49,0.82,10,0.17,13,377,6.28,9,217,0.959,0.15,0,0,0,0,0,0
2020,2,"Kennelly, Payton",41,14,1,1,0.02,0,0,0,0,0,13,0.32,1,0.02,5,44,1.07,0,0,0,0,0,0,0,0,0,0
2020,3,"Herman, Kaileen",59,19,17,104,1.76,59,1,19,137,0.292,669,11.34,27,0.46,23,163,2.76,0,4,1,0,4,28,32,0.54,1,6
2020,4,"Claunch, Alicia",7,3,1,6.5,0.93,6,0.86,7,29,-0.034,0,0,0,0,0,2,0.29,0,0,0,0,0,1,1,0.14,2,0
2020,5,"Ferchen, Cara",36,13,0,6,0.17,0,0,0,1,0,3,0.08,6,0.17,6,19,0.53,0,0,0,0,0,0,0,0,0,0
2020,6,"Hannewald, Karlyn",46,17,0,114,2.48,107,2.33,44,342,0.184,1,0.02,0,0,0,37,0.8,2,89,0.978,0.04,2,10,12,0.26,0,0
2020,7,"Coughlin, Caitlin",3,2,0,2.5,0.83,2,0.67,6,17,-0.235,0,0,0,0,0,2,0.67,0,2,1,0,0,1,1,0.33,0,0
2020,8,"Richards, Charlotte",60,19,17,288.5,4.81,261,4.35,70,832,0.23,16,0.27,12,0.2,15,227,3.78,10,408,0.975,0.17,11,9,20,0.33,1,0
2020,9,"Adams, Kylie",42,13,0,9.5,0.23,0,0,1,2,-0.5,14,0.33,9,0.21,12,92,2.19,3,155,0.981,0.07,0,1,1,0.02,0,0
2020,10,"Elliott, Mya",56,18,16,153.5,2.74,121,2.16,45,294,0.259,1,0.02,0,0,0,29,0.52,0,2,1,0,11,43,54,0.96,2,1
2020,11,"Dean, Karli",60,19,17,139,2.32,112,1.87,37,280,0.268,1,0.02,0,0,2,14,0.23,0,0,0,0,10,34,44,0.73,4,0
2020,15,"Klank, Olivia",57,18,16,141.5,2.48,126,2.21,63,399,0.158,3,0.05,0,0,1,38,0.67,0,2,1,0,3,25,28,0.49,5,0
2020,17,"Yoder, Paige",2,2,0,3,1.5,2,1,1,5,0.2,0,0,0,0,0,0,0,0,0,0,0,1,0,1,0.5,0,0
2020,18,"Rang, Lexie",60,19,17,71.5,1.19,54,0.9,28,210,0.124,9,0.15,14,0.23,22,179,2.98,7,218,0.968,0.12,1,5,6,0.1,0,0
2019,1,"Woll, Megan",122,34,15,20,0.16,1,0.01,3,25,-0.08,104,0.85,19,0.16,17,667,5.47,16,430,0.963,0.13,0,0,0,0,0,0
2019,2,"Kennelly, Payton",14,6,2,5.5,0.39,2,0.14,0,8,0.25,62,4.43,1,0.07,0,23,1.64,0,1,1,0,0,5,5,0.36,0,3
2019,3,"Herman, Kaileen",117,33,23,162.5,1.39,117,1,15,322,0.317,1318,11.26,27,0.23,33,283,2.42,0,7,1,0,4,29,33,0.28,1,27
2019,4,"Claunch, Alicia",4,4,0,2,0.5,2,0.5,1,11,0.091,0,0,0,0,0,2,0.5,0,0,0,0,0,0,0,0,0,0
2019,6,"Hannewald, Karlyn",17,9,0,25,1.47,23,1.35,8,76,0.197,0,0,0,0,0,5,0.29,1,19,0.947,0.06,1,2,3,0.18,0,0
2019,7,"Richards, Madsy",16,10,0,0,0,0,0,0,1,0,1,0.06,0,0,0,17,1.06,1,51,0.98,0.06,0,0,0,0,0,0
2019,8,"Richards, Charlotte",117,34,23,488.5,4.18,434,3.71,158,1332,0.207,28,0.24,32,0.27,35,320,2.74,31,649,0.952,0.26,5,35,40,0.34,3,1
2019,9,"Childers, Morgan",114,33,20,31,0.27,4,0.04,7,40,-0.075,14,0.12,27,0.24,31,229,2.01,12,404,0.97,0.11,0,0,0,0,1,0
2019,10,"Elliott, Mya",66,27,11,99.5,1.51,80,1.21,30,169,0.296,4,0.06,0,0,0,11,0.17,0,2,1,0,6,27,33,0.5,5,0
2019,11,"Vollmer, Amanda",70,27,14,92.5,1.32,65,0.93,25,161,0.248,2,0.03,0,0,4,23,0.33,1,6,0.833,0.01,2,51,53,0.76,3,0
2019,12,"Rudsinski, Kylie",121,34,20,411.5,3.4,356,2.94,101,806,0.316,4,0.03,15,0.12,12,79,0.65,0,2,1,0,5,71,76,0.63,6,1
2019,13,"Kessler, Raquel",115,34,23,304.5,2.65,223,1.94,75,533,0.278,22,0.19,12,0.1,16,96,0.83,0,19,1,0,22,95,117,1.02,9,2
2019,14,"Goedde, Grace",15,5,0,0,0,0,0,0,0,0,4,0.27,0,0,1,20,1.33,2,56,0.964,0.13,0,0,0,0,0,0
2019,16,"Robards, Amanda",4,4,0,1.5,0.38,0,0,1,2,-0.5,0,0,0,0,0,0,0,0,0,0,0,1,1,2,0.5,0,0
2019,17,"Nolte, Selena",121,34,4,466,3.85,436,3.6,168,1059,0.253,6,0.05,2,0.02,0,71,0.59,13,107,0.879,0.11,13,30,43,0.36,5,0
2019,18,"Rang, Lexie",106,31,4,27.5,0.26,8,0.08,6,49,0.041,23,0.22,19,0.18,29,195,1.84,19,405,0.953,0.18,0,1,1,0.01,0,1
2018,1,"Woll, Megan",111,29,1,10,0.09,1,0.01,2,22,-0.045,97,0.87,9,0.08,9,620,5.59,35,22,-0.591,0.32,0,0,0,0,0,0
2018,2,"Kennelly, Payton",108,29,17,30.5,0.28,12,0.11,12,64,0,693,6.42,16,0.15,19,218,2.02,1,0,0,0.01,1,3,4,0.04,1,33
2018,3,"Miner, Alex",110,29,29,242,2.2,191,1.74,67,497,0.249,14,0.13,7,0.06,9,66,0.6,0,0,0,0,8,72,80,0.73,4,1
2018,4,"Claunch, Alicia",8,5,0,7,0.88,6,0.75,3,19,0.158,0,0,0,0,0,3,0.38,0,0,0,0,0,2,2,0.25,1,0
2018,5,"Ferchen, Cara",96,26,12,25.5,0.27,7,0.07,3,32,0.125,523,5.45,17,0.18,17,189,1.97,0,0,0,0,1,1,2,0.02,0,28
2018,6,"Hannewald, Karlyn",39,19,7,70.5,1.81,67,1.72,38,237,0.122,2,0.05,1,0.03,3,61,1.56,6,7,0.143,0.15,0,5,5,0.13,0,0
2018,7,"Richards, Madsy",22,13,0,4,0.18,1,0.05,1,2,0,1,0.05,3,0.14,11,20,0.91,4,3,-0.333,0.18,0,0,0,0,0,0
2018,8,"Richards, Charlotte",97,29,11,202,2.08,175,1.8,97,631,0.124,2,0.02,10,0.1,6,97,1,5,20,0.75,0.05,3,28,31,0.32,2,1
2018,10,"Brinker, Alivia",105,28,10,27,0.26,2,0.02,2,10,0,14,0.13,25,0.24,17,283,2.7,15,25,0.4,0.14,0,0,0,0,0,0
2018,11,"Vollmer, Amanda",73,25,18,97,1.33,61,0.84,27,173,0.197,4,0.05,0,0,1,17,0.23,1,0,0,0.01,7,58,65,0.89,2,1
2018,12,"Rudsinski, Kylie",111,29,17,364,3.28,323,2.91,106,811,0.268,6,0.05,1,0.01,1,54,0.49,1,0,0,0.01,6,68,74,0.67,6,0
2018,13,"Russell, Maddy",84,24,22,217.5,2.59,189,2.25,81,644,0.168,10,0.12,12,0.14,13,250,2.98,35,67,0.478,0.42,5,23,28,0.33,3,0
2018,15,"Klank, Olivia",45,19,11,73.5,1.63,48,1.07,15,134,0.246,4,0.09,7,0.16,11,27,0.6,2,0,0,0.04,5,27,32,0.71,2,0
2018,17,"Nolte, Selena",106,29,19,416.5,3.93,383,3.61,160,993,0.225,7,0.07,2,0.02,3,91,0.86,19,14,-0.357,0.18,14,35,49,0.46,3,1
2017,1,"Waedekin, Danielle",121,30,0,31.5,0.26,3,0.02,1,7,0.286,125,1.03,28,0.23,34,589,4.87,15,51,0.706,0.12,0,1,1,0.01,0,1
2017,2,"Kennelly, Payton",95,25,10,18,0.19,6,0.06,5,26,0.038,422,4.44,12,0.13,20,182,1.92,0,0,0,0,0,0,0,0,1,15
2017,3,"Miner, Alex",120,30,30,345.5,2.88,272,2.27,90,590,0.308,12,0.1,19,0.16,12,82,0.68,1,0,0,0.01,12,85,97,0.81,8,0
2017,4,"Claunch, Alicia",8,6,0,4,0.5,2,0.25,2,7,0,1,0.13,0,0,0,1,0.13,0,0,0,0,1,2,3,0.38,2,0
2017,5,"Pezze, Gina",50,19,2,29,0.58,22,0.44,19,114,0.026,4,0.08,5,0.1,6,81,1.62,7,52,0.865,0.14,0,4,4,0.08,1,0
2017,6,"Abeyta, Madyson",121,30,20,90,0.74,45,0.37,11,139,0.245,861,7.12,34,0.28,26,233,1.93,0,0,0,0,2,18,20,0.17,8,23
2017,9,"Childers, Morgan",112,30,27,115.5,1.03,87,0.78,73,377,0.037,11,0.1,25,0.22,31,320,2.86,30,71,0.577,0.27,0,7,7,0.06,2,2
2017,10,"Brinker, Alivia",115,29,3,30,0.26,1,0.01,0,4,0.25,28,0.24,29,0.25,31,245,2.13,8,22,0.636,0.07,0,0,0,0,0,0
2017,11,"Vollmer, Amanda",33,12,9,60,1.82,45,1.36,13,118,0.271,0,0,0,0,0,5,0.15,0,0,0,0,2,26,28,0.85,4,0
2017,12,"Rudsinski, Kylie",121,30,15,367.5,3.04,322,2.66,122,867,0.231,2,0.02,0,0,2,45,0.37,0,0,0,0,9,73,82,0.68,11,0
2017,13,"Russell, Maddy",120,30,28,339.5,2.83,309,2.58,144,1100,0.15,12,0.1,8,0.07,18,232,1.93,30,58,0.483,0.25,9,27,36,0.3,3,1
2017,14,"Roggemann , Kara",87,24,20,155.5,1.79,111,1.28,39,332,0.217,6,0.07,0,0,1,33,0.38,0,0,0,0,12,65,77,0.89,6,1
2017,15,"Shane, Kayla",2,2,0,0,0,0,0,0,1,0,2,1,0,0,0,1,0.5,0,0,0,0,0,0,0,0,0,0
2017,16,"Uradzionek, Kristen",4,2,1,2.5,0.63,2,0.5,4,11,-0.182,1,0.25,0,0,0,1,0.25,0,0,0,0,0,1,1,0.25,0,0
2017,17,"Nolte, Selena",120,30,15,404.5,3.37,370,3.08,156,979,0.219,5,0.04,0,0,0,78,0.65,4,5,0.2,0.03,11,47,58,0.48,6,0
2016,1,"Waedekin, Danielle",110,30,0,24,0.22,3,0.03,0,7,0.429,107,0.97,21,0.19,28,581,5.28,20,24,0.167,0.18,0,0,0,0,0,0
2016,2,"Gillum, Olivia",60,19,0,8,0.13,0,0,1,1,-1,6,0.1,8,0.13,15,106,1.77,7,4,-0.75,0.12,0,0,0,0,0,0
2016,3,"Harris, Raquel",4,4,0,1,0.25,1,0.25,0,4,0.25,1,0.25,0,0,0,1,0.25,1,0,0,0.25,0,0,0,0,0,0
2016,4,"Lewis, Samantha",14,8,2,7.5,0.54,5,0.36,7,27,-0.074,0,0,1,0.07,3,28,2,6,0,0,0.43,0,3,3,0.21,1,0
2016,5,"Pezze, Gina",58,22,14,131,2.26,110,1.9,62,417,0.115,6,0.1,11,0.19,7,107,1.84,7,0,0,0.12,2,16,18,0.31,2,0
2016,6,"Abeyta, Madyson",110,30,28,43,0.39,12,0.11,8,35,0.114,620,5.64,31,0.28,39,200,1.82,2,1,-1,0.02,0,0,0,0,0,30
2016,7,"Buchman, Kendall",82,27,1,15,0.18,2,0.02,3,16,-0.063,389,4.74,13,0.16,33,157,1.91,0,0,0,0,0,0,0,0,0,18
2016,8,"Vollmer, Amanda",26,11,4,51,1.96,37,1.42,9,88,0.318,0,0,1,0.04,3,7,0.27,0,0,0,0,4,18,22,0.85,3,0
2016,9,"Childers, Morgan",77,27,15,178.5,2.32,152,1.97,71,504,0.161,10,0.13,15,0.19,19,123,1.6,31,17,-0.824,0.4,2,19,21,0.27,2,0
2016,10,"Brinker, Alivia",48,17,2,4,0.08,0,0,1,1,-1,3,0.06,4,0.08,1,89,1.85,7,9,0.222,0.15,0,0,0,0,0,0
2016,11,"Rogers, Lexi",108,29,28,330,3.06,252,2.33,59,578,0.334,16,0.15,18,0.17,19,68,0.63,0,0,0,0,16,88,104,0.96,9,2
2016,12,"Rudsinski, Kylie",113,30,7,275.5,2.44,242,2.14,114,732,0.175,4,0.04,0,0,0,28,0.25,0,0,0,0,4,59,63,0.56,11,0
2016,13,"Nolte, Selena",112,30,23,322,2.88,280,2.5,137,727,0.197,5,0.04,0,0,0,47,0.42,2,1,-1,0.02,6,72,78,0.7,7,2
2016,14,"Jones, Gaylnn",97,30,27,218,2.25,195,2.01,91,722,0.144,7,0.07,7,0.07,12,205,2.11,18,15,-0.2,0.19,3,26,29,0.3,4,1
2016,15,"Shane, Kayla",38,17,1,18,0.47,9,0.24,2,23,0.304,145,3.82,8,0.21,5,53,1.39,0,0,0,0,0,2,2,0.05,1,8
2016,16,"Uradzionek, Kristen",95,29,27,160.5,1.69,108,1.14,59,339,0.145,9,0.09,0,0,0,23,0.24,0,0,0,0,9,87,96,1.01,7,0
2015,1,"Walker, Erin",109,32,7,64.5,0.59,54,0.5,48,233,0.026,44,0.4,9,0.08,16,426,3.91,17,34,0.5,0.16,0,3,3,0.03,0,3
2015,2,"Gillum, Olivia",49,20,3,8,0.16,0,0,0,1,0,22,0.45,8,0.16,15,180,3.67,8,34,0.765,0.16,0,0,0,0,0,1
2015,3,"Bishop, Shelby",6,4,0,0,0,0,0,0,2,0,0,0,0,0,1,5,0.83,2,0,0,0.33,0,0,0,0,0,0
2015,4,"Lewis, Samantha",68,28,10,43,0.63,36,0.53,20,148,0.108,11,0.16,2,0.03,3,130,1.91,8,18,0.556,0.12,1,8,9,0.13,4,0
2015,5,"Pezze, Gina",60,20,15,184,3.07,161,2.68,88,540,0.135,4,0.07,16,0.27,19,152,2.53,9,32,0.719,0.15,0,14,14,0.23,2,2
2015,6,"Abeyta, Madyson",57,21,1,9,0.16,1,0.02,1,8,0,238,4.18,8,0.14,8,96,1.68,0,0,0,0,0,0,0,0,0,16
2015,7,"Meyer, Lindsay",113,32,31,60,0.53,27,0.24,7,81,0.247,872,7.72,22,0.19,8,308,2.73,1,2,0.5,0.01,2,18,20,0.18,0,14
2015,8,"Ochs, Carly",65,26,4,151,2.32,137,2.11,51,457,0.188,3,0.05,0,0,0,28,0.43,2,0,0,0.03,0,28,28,0.43,1,2
2015,9,"Miller, Hannah",104,31,24,266,2.56,225,2.16,94,690,0.19,4,0.04,8,0.08,14,86,0.83,0,1,1,0,1,64,65,0.63,5,2
2015,10,"Brinker, Alivia",72,23,3,12,0.17,0,0,1,6,-0.167,36,0.5,12,0.17,18,266,3.69,22,43,0.488,0.31,0,0,0,0,0,5
2015,11,"Rogers, Lexi",104,31,30,260.5,2.5,194,1.87,69,467,0.268,17,0.16,11,0.11,17,88,0.85,0,0,0,0,14,83,97,0.93,4,2
2015,12,"Ploss, Jessica",107,32,30,301,2.81,224,2.09,69,549,0.282,5,0.05,0,0,0,24,0.22,0,0,0,0,20,114,134,1.25,13,0
2015,13,"Russell, Maddy",105,31,30,326.5,3.11,285,2.71,113,975,0.176,6,0.06,20,0.19,17,270,2.57,27,50,0.46,0.26,0,43,43,0.41,4,2
2015,14,"Roggemann , Kara",54,23,4,90.5,1.68,72,1.33,36,285,0.126,4,0.07,0,0,0,23,0.43,0,0,0,0,1,35,36,0.67,0,0
2015,15,"Shane, Kayla",12,6,0,7,0.58,3,0.25,1,10,0.2,49,4.08,4,0.33,2,17,1.42,0,0,0,0,0,0,0,0,0,1
2014,1,"Walker, Erin",104,28,15,38,0.37,31,0.3,24,147,0.048,14,0.13,6,0.06,11,271,2.61,14,24,0.417,0.13,0,2,2,0.02,0,0
2014,2,"Bragaw, Emily",100,26,0,14,0.14,3,0.03,4,10,-0.1,63,0.63,11,0.11,18,476,4.76,24,28,0.143,0.24,0,0,0,0,0,3
2014,3,"Bishop, Shelby",31,13,3,0,0,0,0,0,3,0,2,0.06,0,0,2,42,1.35,6,31,0.806,0.19,0,0,0,0,0,0
2014,4,"Brightwell, Haley",102,28,28,252.5,2.48,220,2.16,101,844,0.141,15,0.15,15,0.15,8,266,2.61,26,55,0.527,0.25,1,33,34,0.33,0,3
2014,5,"Pezze, Gina",48,25,4,105.5,2.2,89,1.85,51,302,0.126,4,0.08,12,0.25,17,64,1.33,2,13,0.846,0.04,0,9,9,0.19,6,0
2014,6,"Abeyta, Madyson",38,16,0,6,0.16,1,0.03,2,6,-0.167,128,3.37,5,0.13,5,38,1,0,0,0,0,0,0,0,0,0,5
2014,7,"Meyer, Lindsay",106,28,28,67.5,0.64,35,0.33,8,99,0.273,1021,9.63,21,0.2,13,323,3.05,0,0,0,0,0,23,23,0.22,1,11
2014,8,"Ewing , Allie",55,23,5,116,2.11,99,1.8,65,260,0.131,1,0.02,0,0,0,18,0.33,0,0,0,0,1,32,33,0.6,2,0
2014,9,"Miller, Hannah",103,28,27,279,2.71,216,2.1,71,499,0.291,11,0.11,27,0.26,20,59,0.57,0,0,0,0,4,64,68,0.66,4,1
2014,10,"Ochs, Carly",87,25,9,221.5,2.55,207,2.38,71,694,0.196,3,0.03,1,0.01,1,47,0.54,10,1,-9,0.11,2,23,25,0.29,6,0
2014,11,"Rogers, Lexi",28,14,1,57.5,2.05,47,1.68,20,134,0.201,1,0.04,0,0,1,12,0.43,0,0,0,0,0,21,21,0.75,2,1
2014,12,"Ploss, Jessica",92,28,26,207.5,2.26,160,1.74,60,370,0.27,4,0.04,0,0,0,16,0.17,1,1,0,0.01,8,79,87,0.95,11,0
2014,14,"Roggemann , Kara",14,8,2,25.5,1.82,16,1.14,9,49,0.143,0,0,0,0,0,5,0.36,0,0,0,0,3,13,16,1.14,1,0
2014,15,"Siebenmorgen, Jory",96,28,19,246.5,2.57,228,2.38,94,617,0.217,7,0.07,6,0.06,8,193,2.01,15,11,-0.364,0.16,0,25,25,0.26,7,0
2014,16,"Uradzionek, Kristen",14,9,1,22,1.57,17,1.21,4,43,0.302,0,0,0,0,1,4,0.29,0,1,1,0,0,10,10,0.71,0,0
2013,1,"Karmazyn , Kayla",6,5,0,1,0.17,0,0,1,5,-0.2,0,0,0,0,0,1,0.17,2,0,0,0.33,1,0,1,0.17,0,0
2013,2,"Bragaw, Emily",108,31,0,13,0.12,0,0,1,20,-0.05,90,0.83,13,0.12,16,475,4.4,44,49,0.102,0.41,0,0,0,0,0,1
2013,3,"Bishop, Shelby",29,12,1,2,0.07,2,0.07,0,3,0.667,9,0.31,0,0,1,58,2,4,11,0.636,0.14,0,0,0,0,0,0
2013,4,"Brightwell, Haley",117,32,32,237,2.03,211,1.8,120,850,0.107,18,0.15,14,0.12,8,291,2.49,25,43,0.419,0.21,0,24,24,0.21,2,2
2013,5,"McNulty, Anna",92,26,4,35,0.38,12,0.13,5,35,0.2,427,4.64,22,0.24,20,152,1.65,0,0,0,0,0,2,2,0.02,2,7
2013,7,"Meyer, Lindsay",118,32,28,48,0.41,22,0.19,5,56,0.304,774,6.56,22,0.19,5,317,2.69,1,0,0,0.01,0,8,8,0.07,2,7
2013,8,"Ewing , Allie",71,28,12,132,1.86,114,1.61,68,335,0.137,2,0.03,0,0,0,22,0.31,0,0,0,0,0,36,36,0.51,1,1
2013,9,"Miller, Hannah",115,32,31,254.5,2.21,189,1.64,58,460,0.285,11,0.1,23,0.2,9,82,0.71,0,0,0,0,3,79,82,0.71,4,0
2013,10,"Hubly, Savannah",15,9,0,1,0.07,0,0,1,3,-0.333,4,0.27,1,0.07,2,30,2,7,0,0,0.47,0,0,0,0,0,0
2013,11,"Rogers, Lexi",51,23,7,65.5,1.28,56,1.1,31,200,0.125,1,0.02,0,0,0,22,0.43,2,1,-1,0.04,0,19,19,0.37,3,0
2013,12,"Ploss, Jessica",101,31,27,205,2.03,133,1.32,44,336,0.265,0,0,0,0,0,10,0.1,2,1,-1,0.02,16,112,128,1.27,8,1
2013,13,"McDonough , Kersten",10,9,1,10.5,1.05,10,1,2,31,0.258,0,0,0,0,0,6,0.6,0,0,0,0,0,1,1,0.1,0,0
2013,14,"Roggemann , Kara",30,17,5,43.5,1.45,33,1.1,9,75,0.32,1,0.03,0,0,0,1,0.03,0,0,0,0,0,21,21,0.7,1,0
2013,15,"Siebenmorgen, Jory",109,31,11,272,2.5,235,2.16,108,663,0.192,5,0.05,4,0.04,4,72,0.66,4,0,0,0.04,2,62,64,0.59,10,0
2013,16,"Burkle, Chelsea",118,32,32,472.5,4,410,3.47,193,1161,0.187,14,0.12,26,0.22,28,322,2.73,48,49,0.02,0.41,2,69,71,0.6,3,0
